,Hood,Venue_ID,Venue_Name,Venue_Distance,Venue_Address,Venue_Latitude,Venue_Longitude,Category_ID,Category_Name
0,Wildwood Forest,4c02e10d187ec92870e5b47b,Duffer's,1883,5210 Pacific Ave,38.98097139734643,-74.82570004429925,52e81612bcbc57f1066b79eb,Mini Golf
1,Old Fourth Ward,4d6678a3153ba0930ff4e9f8,Arcade 160 Studios,792,621 North Ave NE Ste C,33.770101000000004,-84.367149,4bf58dd8d48988d124941735,Office
8,Summerhill,4d7412d3d6f06dcbbdb70f08,Foege's Arcade,428,No Address,33.740652000000004,-84.38421600000002,4bf58dd8d48988d1e1931735,Arcade
19,Lake Clair,4f5c6a22e4b0a3bd23833b66,Marlin Arcade,1142,No Address,38.49513709921038,-90.00773938818844,4bf58dd8d48988d11b941735,Pub
20,Downtown,503e646b16488fc60417dc31,PAC-MAN PLAY™ Arcade at Underground Atlanta,322,50 Upper Alabama Street,33.752497196030504,-84.39008474349977,4bf58dd8d48988d1e1931735,Arcade
30,Midtown,552d475d498e4d32bce2696f,Atlanta Arcade & Gaming Rentals,649,925B Peachtree St NE,33.78531813505629,-84.37860488891602,4bf58dd8d48988d1e1931735,Arcade
40,Virginia Highland,5b04dca96bd36b002c157123,Atlanta Arcade Rentals,1378,931 Monroe Dr NE #201,33.77994,-84.36823000000003,5454152e498ef71e2b9132c6,Event Service
